source,author,title,description,url,urlToImage,publishedAt,content,source_name,latitude,longitude,sentiment
"{'id': 'the-verge', 'name': 'The Verge'}",Lauren Feiner,"Trump is “absolutely” immune for “official acts” on Jan. 6, SCOTUS rules","The Supreme Court ruled on the presidential criminal immunity case, Trump v. United States, just months before the 2024 presidential election.",https://www.theverge.com/2024/7/1/24188335/supreme-court-trump-v-us-presidential-immunity-criminal-prosecution,https://cdn.vox-cdn.com/thumbor/f0xCb2jXtZny1DWeIL5yq9JkARg=/0x0:6000x4000/1200x628/filters:focal(3000x2000:3001x2001)/cdn.vox-cdn.com/uploads/chorus_asset/file/25510635/2158256259.jpg,2024-07-01T15:03:22Z,"Trump is absolutely immune for official acts on Jan 6th, SCOTUS rules
Trump is absolutely immune for official acts on Jan 6th, SCOTUS rules
 / Trump v. United States is about whether the president … [+2098 chars]",The Verge,-28.0654977,153.4334207,positive
"{'id': 'wired', 'name': 'Wired'}",Vittoria Elliott,Crypto Scammers Are Targeting Trump’s MAGA Supporters,"After Donald Trump’s campaign announced it would accept cryptocurrency, the operators of a host of fraudulent websites have sought to hustle his supporters.",https://www.wired.com/story/maga-crypto-scammers-donald-trump/,"https://media.wired.com/photos/6670a3ab5831a67d9328c5b4/191:100/w_1280,c_limit/061724-politics-cryptoscammers-trump-supporters.jpg",2024-06-18T08:00:00Z,"Last month, former president and convicted felon Donald Trump announced that his campaign would accept donations in cryptocurrency. In the weeks that followed, the cybercrime detection firm Netcraft … [+2905 chars]",Wired,53.3403764,-6.2654816,positive
"{'id': 'wired', 'name': 'Wired'}",Makena Kelly,Silicon Valley Hasn’t Embraced Trump. But It’s Wavering on Biden,Venture capitalists on both sides of the aisle suggest Silicon Valley is more anti-Biden than it is pro-Trump.,https://www.wired.com/story/silicon-valley-crypto-trump-biden-debate/,"https://media.wired.com/photos/668d715c9004df7e67a59acd/191:100/w_1280,c_limit/Silicon-Valley-Trump-Biden-Politics.jpg",2024-07-11T09:30:00Z,"The June fundraiser set off alarm bells suggesting that a new political movement needed to be accounted for, but little in the records of its organizers suggests deep fealty to MAGA doctrine. Palihap… [+3700 chars]",Wired,53.3403764,-6.2654816,neutral
"{'id': 'wired', 'name': 'Wired'}",David Gilbert,The Right Is Blaming Women and DEI For the Secret Service's Failure in Trump Shooting,Lawmakers and right-wing talking heads have been quick to blame female Secret Service agents for failing to protect Trump.,https://www.wired.com/story/right-wing-conspiracy-dei-secret-service-women-blame-trump-shooting/,"https://media.wired.com/photos/6695147b73645946eb0a2862/191:100/w_1280,c_limit/GettyImages-2161925705.jpg",2024-07-15T14:55:15Z,"As conspiracies and threats of violence have flooded online spaces in the hours after former President Donald Trump was shot during a rally in Pennsylvania on Saturday, one narrative has emerged from… [+2914 chars]",Wired,53.3403764,-6.2654816,negative
"{'id': 'wired', 'name': 'Wired'}",David Gilbert,Trump Shooting Conspiracies Are Coming From Every Direction,"From Republican lawmakers claiming Biden ordered the attack to the left claiming it was all staged, the internet is flooded with baseless Trump assassination attempt conspiracies.",https://www.wired.com/story/trump-shooting-assassination-conspiracies/,"https://media.wired.com/photos/66931bb1898173c93705bbda/191:100/w_1280,c_limit/Politics_TrumpRetaliation_GettyImages-2161925934.jpg",2024-07-14T16:04:20Z,"Alex Jones, the school shooting conspiracist, ranted in a video posted to X that this was the beginning of a much wider effort by the deep state to kill powerful figures in America, including Biden a… [+3673 chars]",Wired,53.3403764,-6.2654816,negative
"{'id': 'wired', 'name': 'Wired'}",Eric Geller,US Bans Kaspersky Software,"Using a Trump-era authority, the US Commerce Department has banned the sale of Kaspersky’s antivirus tools to new customers in the US, citing alleged threats to national security.",https://www.wired.com/story/us-bans-kaspersky-software/,"https://media.wired.com/photos/667465d2b3e085616c83f904/191:100/w_1280,c_limit/GettyImages-1152546859.jpg",2024-06-20T20:15:00Z,"The Russian cybersecurity software firm Kasperskys days of operating in the United States are now officially numbered.
The Biden administration on Thursday said its banning the company from selling … [+3337 chars]",Wired,53.3403764,-6.2654816,negative
"{'id': 'wired', 'name': 'Wired'}",Makena Kelly,Elon Musk ‘Fully Endorses’ Donald Trump After Deadly Rally Shooting,"“I fully endorse President Trump and hope for his rapid recovery,” Elon Musk posted on X after the incident.",https://www.wired.com/story/elon-musk-endorse-donald-trump-rally-shooting/,"https://media.wired.com/photos/66930b61c9a7d81a05489da2/191:100/w_1280,c_limit/2158243805",2024-07-13T23:50:59Z,Elon Musk endorsed Donald Trump for reelection Saturday evening shortly after gunshots appear to have been fired at the former president's campaign rally in Pennsylvania. Trump was escorted off the s… [+1779 chars],Wired,53.3403764,-6.2654816,positive
"{'id': 'wired', 'name': 'Wired'}",Makena Kelly,Reid Hoffman Hasn't Given Up on Biden Just Yet,"Some of the most prominent conservative venture capitalists have gotten louder about their support for Trump, but Reid Hoffman says not much has actually changed.",https://www.wired.com/story/joe-biden-silicon-valley/,"https://media.wired.com/photos/668ee5fe3e1799965539ae26/191:100/w_1280,c_limit/politics_newsletter_reid_hoffman_linkedin_biden.jpg",2024-07-11T11:30:00Z,"Reid. Very much. A lot of people are following the calculus, which is that Trump is quite operative and you can buy influence with him. The crypto industry is all about the economics on this stuff. T… [+2665 chars]",Wired,53.3403764,-6.2654816,positive
"{'id': 'wired', 'name': 'Wired'}",Makena Kelly,Influencers Are Racing to Profit From the Trump Shooting,Niche celebrities and right-wing activists are already hawking merchandise featuring the image of a bloodied Donald Trump raising his fist in the air.,https://www.wired.com/story/trump-shooting-influencer-merchandise/,"https://media.wired.com/photos/6694177349ab909d5d5ef3d3/191:100/w_1280,c_limit/Poitics_RallyMerch_Reuters_RTS140CVX.JPG",2024-07-14T19:43:54Z,Pro-Trump influencers and supporters raced to put out merchandise featuring the image of Trump with blood on his face and a fist in the air just hours after the deadly shooting and assassination atte… [+3497 chars],Wired,53.3403764,-6.2654816,neutral
"{'id': None, 'name': 'Gizmodo.com'}",Matt Novak,Donald Trump Spews Word Salad About AI During All-In Podcast,"Donald Trump, a convicted felon who’s promised to be a dictator on day one if he retakes the White House, made an appearance on the All-In Podcast on Thursday. And Trump’s ramblings would almost be funny if he wasn’t running neck-and-neck to become the next p…",https://gizmodo.com/donald-trump-all-in-podcast-ai-artificial-intelligence-1851552204,"https://i.kinja-img.com/image/upload/c_fill,h_675,pg_1,q_80,w_1200/c89953d85275fe277a313c37b600a633.png",2024-06-21T13:00:00Z,"Donald Trump, a convicted felon whos promised to be a dictator on day one if he retakes the White House, made an appearance on the All-In Podcast on Thursday. And Trumps ramblings would almost be fun… [+3551 chars]",Gizmodo.com,,,positive
"{'id': None, 'name': 'BBC News'}",,"Watch: Biden, Trump talk cognitive ability and golf","After Trump challenged Biden to a cognitive test, Biden suggested they should play golf.",https://www.bbc.com/news/videos/crgedrvpz14o,https://ichef.bbci.co.uk/news/1024/branded_news/32c0/live/eacbf840-3526-11ef-a044-9d4367d5b599.jpg,2024-06-28T08:30:13Z,"Actor Kiefer Sutherland announced the death of his father, Donald, in a post on X, formerly known as Twitter.",BBC News,,,positive
"{'id': None, 'name': 'BBC News'}",,"Illegal migration, tax and abortion - fact checking Trump-Biden debate",BBC Verify looks into various claims made on stage by Donald Trump and Joe Biden.,https://www.bbc.com/news/articles/cv2g4n8vl9yo,https://ichef.bbci.co.uk/news/1024/branded_news/5ed7/live/c37fcee0-3500-11ef-a044-9d4367d5b599.png,2024-06-28T11:09:05Z,"Donald Trump and Joe Biden have fielded questions on a wide range of election issues in a televised CNN presidential debate in Atlanta, Georgia.
They traded claims on issues such as the economy, abo… [+5379 chars]",BBC News,,,neutral
"{'id': 'wired', 'name': 'Wired'}",David Gilbert,How Disinformation From a Russian AI Spam Farm Ended up on Top of Google Search Results,"A fake article about Zelensky's wife buying a $4.8 million Bugatti with US aid was promoted by bots, Russia state media, and pro-Trump influencers on X. It's part of a network of websites supercharged by AI.",https://www.wired.com/story/ai-generated-russian-disinformation-zelensky-bugatti/,"https://media.wired.com/photos/668d518cce88c8fe27276852/191:100/w_1280,c_limit/How-AI-Generated-Russian-Disinformation-About-Zelensky-Ended-Up-The-Top-On-Google.jpg",2024-07-09T15:51:57Z,"In the space of 24 hours, a piece of Russian disinformation about Ukrainian president Volodymyr Zelenskys wife buying a Bugatti car with American aid money traveled at warp speed across the internet.… [+2781 chars]",Wired,53.3403764,-6.2654816,negative
"{'id': None, 'name': 'Gizmodo.com'}",Matt Novak,White House Planning Conference for Social Media Influencers Ahead of TikTok Ban,"President Joe Biden delivered a performance at Thursday’s debate with Donald Trump that was so bad even his staunchest allies are calling for the president to drop out of the race. But if Biden sticks it out until November’s election, as it looks like he plan…",https://gizmodo.com/joe-biden-creators-debate-white-house-conference-social-1851567061,"https://i.kinja-img.com/image/upload/c_fill,h_675,pg_1,q_80,w_1200/d7100bf2f055b02d41ab1a6e00681733.jpg",2024-06-28T19:20:00Z,President Joe Biden delivered a performance at Thursdays debate with Donald Trump that was so bad even his staunchest allies are calling for the president to drop out of the race. But if Biden sticks… [+3200 chars],Gizmodo.com,,,neutral
"{'id': None, 'name': 'Gizmodo.com'}",Matthew Gault,Trump Stock Jumps Following Assassination Attempt,"The meme stock undergirding Truth Social rose in overnight trading, but has settled down since the markets opened.",https://gizmodo.com/trump-stock-jumps-following-assassination-attempt-2000473384,https://gizmodo.com/app/uploads/2024/07/GettyImages-2161922003-e1721052983392.jpg,2024-07-15T14:25:42Z,"As the fortunes of Donald Trump rise and fall, so too does the stock price of Trump Media &amp; Technology Group (TMTG). Following his survival of an assassination attempt over the weekend, Trumps po… [+2355 chars]",Gizmodo.com,,,positive
"{'id': None, 'name': 'BBC News'}",,Watch: Trump denies ‘having sex with a porn star’,Joe Biden spoke about Donald Trump’s alleged affair with adult film star Stormy Daniels.,https://www.bbc.com/news/videos/c4ngeykrpn7o,https://ichef.bbci.co.uk/news/1024/branded_news/bc8f/live/8ac04950-3509-11ef-bdc5-41d7421c2adf.jpg,2024-06-28T04:41:50Z,"Joe Biden spoke about Donald Trumps alleged affair with adult film star Stormy Daniels. He accused the former president of having the morals of an alleycat.
Trump denied he had sex with Daniels, and… [+105 chars]",BBC News,,,neutral
"{'id': None, 'name': 'BBC News'}",,"Trump has partial immunity from prosecution, Supreme Court rules",The top court's landmark decision is a major boost to Donald Trump as he bids to return to the White House.,https://www.bbc.com/news/articles/czrrv8yg3nvo,https://ichef.bbci.co.uk/news/1024/branded_news/ec68/live/182d4fd0-37d1-11ef-87f4-e71fd3aa1805.jpg,2024-07-01T17:58:04Z,"By Bernd Debusmann, in court, BBC News, Washington
The US Supreme Court has said Donald Trump and other former presidents are partially immune from criminal prosecution, in a ruling that he immediat… [+5305 chars]",BBC News,,,positive
"{'id': None, 'name': 'BBC News'}",,"Steve Bannon says 'Maga army' ready, as he reports to prison",Former top Trump adviser tells BBC he is unconcerned about missing crucial campaign period while he sits behind bars.,https://www.bbc.com/news/articles/c80ek470d99o,https://ichef.bbci.co.uk/news/1024/branded_news/8a3e/live/ebfb0500-372c-11ef-bbe0-29f79e992ddd.jpg,2024-07-01T00:59:51Z,"By Sarah Smith, North America Editor, Washington
Donald Trumps former top adviser Steve Bannon has told the BBC he does not fear going to prison or watching the former presidents 2024 campaign from … [+7246 chars]",BBC News,,,negative
"{'id': None, 'name': 'BBC News'}",,Biden vows to fight on after 'disastrous' Trump debate,"The president says he would not be running if he could not do the job, as his performance sparks concern among Democrats.",https://www.bbc.com/news/articles/cne4z2p7nl4o,https://ichef.bbci.co.uk/news/1024/branded_news/9fad/live/0a56abf0-359b-11ef-bdc5-41d7421c2adf.jpg,2024-06-28T22:10:16Z,"By Bernd Debusmann Jr, BBC News, Washington 
US President Joe Biden has hit back at criticism over his age, telling supporters in a fiery speech that he will win re-election in November after a poor… [+3273 chars]",BBC News,,,neutral
"{'id': 'wired', 'name': 'Wired'}",David Gilbert,Far-Right Extremists Call for Violence and War After Trump Shooting,"""They should all be hung in the streets,"" one person wrote of Democrats, the media, and others. ""War now,"" another wrote.",https://www.wired.com/story/trump-shooting-far-right-calling-for-violence-war/,"https://media.wired.com/photos/66940fcbd5628f2ea2812741/191:100/w_1280,c_limit/Politics_ViolenceAfterRally_GettyImages-GettyImages-2161404207.jpg",2024-07-14T18:59:39Z,"Far-right communities online lit up on Saturday night with calls for violence, retribution, and civil war in the wake of the assassination attempt on former President Donald Trump.
I guess they real… [+3852 chars]",Wired,53.3403764,-6.2654816,negative
"{'id': None, 'name': 'Gizmodo.com'}",Matt Novak,Those Viral Documents About Jeffrey Epstein and Trump Aren’t New,Social media users are up in arms about a supposed conspiracy to suppress bad information about Trump.,https://gizmodo.com/those-viral-documents-about-jeffrey-epstein-and-trump-arent-new-2000468977,https://gizmodo.com/app/uploads/2024/07/GettyImages-1192977790-copy-e1720642397527.jpg,2024-07-10T21:10:55Z,Have you seen documents going viral this week detailing disturbing allegations about Donald Trump and the rape of a child in the 1990s? Many of the people sharing the documents claim that they were r… [+5980 chars],Gizmodo.com,,,negative
"{'id': None, 'name': 'Gizmodo.com'}",Lucas Ropek,Former Trump Advisors Want the U.S. to Start Testing Nukes Again,The U.S. hasn't detonated a nuke since 1992. Some in the Trump world think it's time that changed.,https://gizmodo.com/former-trump-advisors-want-the-u-s-to-start-testing-nukes-again-2000376935,https://gizmodo.com/app/uploads/2024/07/shutterstock_2475761689.jpg,2024-07-05T17:56:52Z,"As if there weren’t enough things to worry about when it comes to Donald Trump’s potential future presidency, former advisors of the President say that, should he grace the Oval Office again, the U.S… [+4062 chars]",Gizmodo.com,,,neutral
"{'id': 'wired', 'name': 'Wired'}",Leah Feiger,Far Right Militias Are Back,"As the US election approaches, one armed militia organized by a January 6 rioter is spreading its message across the country.",https://www.wired.com/story/far-right-militias-extremism/,"https://media.wired.com/photos/6671ff0e54566d243dc60585/191:100/w_1280,c_limit/militias-copy.jpg",2024-06-20T15:36:11Z,"Leah Feiger: To be fair, a militia of 2,500 across the United States that's carefully organized on Telegram and promotes the use of armed weapons as a response to anything from natural disasters to f… [+3587 chars]",Wired,53.3403764,-6.2654816,neutral
"{'id': None, 'name': 'BBC News'}",,The BBC's Anthony Zurcher on who won the debate,Our correspondent looks at reaction from both parties after Biden and Trump faced off for the first time in this election cycle.,https://www.bbc.com/news/videos/c9x84rz226lo,https://ichef.bbci.co.uk/news/1024/branded_news/ffed/live/394961b0-34ff-11ef-a044-9d4367d5b599.jpg,2024-06-28T04:56:01Z,"Chaotic scenes took place at a rodeo in Sisters, Oregon, when an escaping bull leaped into the event's grounds.",BBC News,,,positive
"{'id': 'business-insider', 'name': 'Business Insider'}","Brent D. Griffiths,Lloyd Lee",Melania Trump the skipped Trump-Biden debate,"Melania Trump has largely remained out of the public eye since 2021, skipping out on the hush-money trial and, now, the first presidential debate.",https://www.businessinsider.com/melania-trump-skipped-trump-biden-presidential-debate-2024-6,https://i.insider.com/667e141050b021b5caea37c4?width=1200&format=jpeg,2024-06-28T01:47:39Z,"Former first lady Melania Trump arrives at Trump Tower.James Devaney/GC Images
<ul><li>Melania Trump has largely remained out of the public eye since Donald Trump left office.</li><li>She was absent… [+2167 chars]",Business Insider,,,neutral
"{'id': None, 'name': 'Gizmodo.com'}",Oscar Gonzalez,"Meta Gives Trump Free Rein on Instagram, Facebook Again",Maybe Trump's threats to put Zuckerberg in prison worked.,https://gizmodo.com/meta-gives-trump-free-rein-on-instagram-facebook-again-2000470168,https://gizmodo.com/app/uploads/2024/07/GettyImages-1741629661.jpg,2024-07-12T21:35:21Z,Meta made the decision last year to reinstate Donald Trump’s Facebook and Instagram accounts after banning him from the platforms following the Jan. 6 riot. It appears that the former president can g… [+1733 chars],Gizmodo.com,,,negative
"{'id': None, 'name': 'BBC News'}",,BBC Verify: How close was the gunman to Trump?,Joe Inwood explains where the gunman was when he attempted to assassinate former President Trump.,https://www.bbc.com/news/videos/crgrj92er1qo,https://ichef.bbci.co.uk/news/1024/branded_news/b3ba/live/8af85990-419c-11ef-b74c-bb483a802c97.jpg,2024-07-14T05:02:26Z,"Officials fired water at the Third Avenue Bridge, which connects the Bronx and Manhattan, to cool it down.",BBC News,,,neutral
"{'id': None, 'name': 'BBC News'}",,'No place in America for this' - Biden on shooting,President Biden has condemned the shooting at the Trump rally in Pennsylvania.,https://www.bbc.com/news/videos/cv2gn5peeppo,https://ichef.bbci.co.uk/news/1024/branded_news/5ddb/live/6e7970c0-41a0-11ef-96a8-e710c6bfc866.jpg,2024-07-14T05:29:40Z,"President Biden has condemned the shooting at the Trump rally in Pennsylvania. ""There is no place for this kind of violence,"" he said. ""It's sick, it's sick."" 
Biden said he has tried to get hold of… [+187 chars]",BBC News,,,negative
"{'id': None, 'name': 'BBC News'}",,"As Keir Starmer heads to the US, Labour readies for a possible Trump presidency",If Donald Trump returns to the White House the US could become more isolationist,https://www.bbc.com/news/articles/cn05yyn941qo,https://ichef.bbci.co.uk/news/1024/branded_news/4a3c/live/d2564910-3de5-11ef-96a8-e710c6bfc866.png,2024-07-09T14:50:54Z,"When it comes to Britains relationship with the United States, the new government has a simple watchword: continuity. One of Sir Keir Starmers first calls in office was to President Joe Biden. Unusua… [+8642 chars]",BBC News,,,positive
"{'id': None, 'name': 'BBC News'}",,In maps: Donald Trump assassination attempt,See how close a gunman got to former US president Donald Trump at a campaign rally in Pennsylvania.,https://www.bbc.com/news/articles/cevwngjrwzno,https://ichef.bbci.co.uk/news/1024/branded_news/4239/live/bf19c120-41ef-11ef-b74c-bb483a802c97.jpg,2024-07-14T15:34:46Z,"By the Visual Journalism team, BBC News
Former US president Donald Trump was rushed off stage at a campaign rally after an assassination attempt.
Shots rang out as he was speaking at the event in P… [+1351 chars]",BBC News,,,neutral
"{'id': None, 'name': 'BBC News'}",,Video shows Trump rally shooter on roof,"The former president was shot at during a rally in Pennsylvania, and has since returned home to New Jersey.",https://www.bbc.com/news/videos/c3g6k02k960o,https://ichef.bbci.co.uk/news/1024/branded_news/8383/live/fb9de510-41c0-11ef-96a8-e710c6bfc866.jpg,2024-07-14T09:12:25Z,"Video footage obtained by TMZ shows the moment a shooter started opening fire at a rally for Donald Trump in Pennsylvania.
The FBI says it is treating the incident as an assassination attempt.
One … [+88 chars]",BBC News,,,neutral
"{'id': None, 'name': 'BBC News'}",,Watch: How chaos unfolded at Trump rally shooting,Former US President Donald Trump was rushed off stage in Pennsylvania after an apparent assassination attempt.,https://www.bbc.com/news/videos/cervzggly87o,https://ichef.bbci.co.uk/news/1024/branded_news/1b56/live/4d66f940-41a8-11ef-96a8-e710c6bfc866.jpg,2024-07-14T06:20:46Z,"Former US President Donald Trump was rushed off stage after gunshots erupted at a rally in Pennsylvania in an apparent assassination attempt.
Footage showed him grimace and raise a hand to his right… [+228 chars]",BBC News,,,negative
"{'id': None, 'name': 'BBC News'}",,Melania Trump speaks out: 'Ascend above the hate',Donald Trump's wife calls on Americans to unite in the wake of the assassination attempt on her husband.,https://www.bbc.com/news/articles/c19kw8jzvvmo,https://ichef.bbci.co.uk/news/1024/branded_news/ab64/live/501302a0-41f9-11ef-a69e-0992f9bd84ff.jpg,2024-07-14T17:15:18Z,"By Brandon Drenon, BBC News
Melania Trump released a statement in the hours after a gunman attempted to shoot and kill her husband, calling on Americans to repair political divisions and focus on lo… [+2374 chars]",BBC News,,,negative
"{'id': None, 'name': 'BBC News'}",,Witness says he saw gunman on roof near Trump rally,"Greg, who was outside the rally, tells the BBC he tried to alert the police.",https://www.bbc.com/news/articles/cn4v7v2g5l1o,https://ichef.bbci.co.uk/news/1024/branded_news/f7ec/live/965229b0-4179-11ef-9e1c-3b4a473456a6.jpg,2024-07-14T00:40:25Z,"A man with a rifle could be seen on a rooftop minutes before shots were fired at a Donald Trump rally in Pennsylvania, a witness has told the BBC. 
Greg, the witness, said the man was armed with a r… [+1200 chars]",BBC News,,,positive
"{'id': None, 'name': 'BBC News'}",,'I'm supposed to be dead' says Trump after shooting,"The former president says he survived Saturday's attack at a Pennsylvania rally ""by luck or by God"".",https://www.bbc.com/news/articles/c29dn2j53w2o,https://ichef.bbci.co.uk/news/1024/branded_news/7b1a/live/04ea1360-4279-11ef-b177-096d9bebbfd9.jpg,2024-07-15T08:24:14Z,"By Kathryn Armstrong, BBC News
Former US President Donald Trump has said he is ""supposed to be dead"" after Saturday night's assassination attempt at a rally in Pennsylvania. 
In one of his first in… [+2793 chars]",BBC News,,,positive
"{'id': None, 'name': 'BBC News'}",,Video shows moment Trump ducks and swarmed by security,Video shows the moment loud bangs are heard and the former president is surrounded by security.,https://www.bbc.com/news/videos/c3gwngv2e79o,https://ichef.bbci.co.uk/news/1024/branded_news/c455/live/f0f53260-4168-11ef-9e1c-3b4a473456a6.jpg,2024-07-13T22:50:08Z,"Loud bangs have been heard at a Donald Trump rally in Pennsylvania as the former president was giving a speech.
He was rushed off stage quickly by secret service agents.
Read more here.",BBC News,,,positive
"{'id': None, 'name': 'Gizmodo.com'}",Matt Novak,‘Ridiculous and Abysmal’: Trump Distances Himself From Project 2025 in Head-Scratching Tweet,The lead architect of Project 2025 recently declared a 'second American Revolution' was coming.,https://gizmodo.com/ridiculous-and-abysmal-trump-distances-himself-from-project-2025-in-head-scratching-tweet-2000376928,https://gizmodo.com/app/uploads/2024/07/GettyImages-2159729968.jpg,2024-07-05T17:00:49Z,Project 2025 has gotten a lot of headlines recently as the right-wing plan for making extreme changes to the U.S. government if Donald Trump gets elected president again in November. The plan covers … [+1622 chars],Gizmodo.com,,,neutral
"{'id': None, 'name': 'Gizmodo.com'}",Matt Novak,Trump Threatens Mark Zuckerberg With Prison In Unhinged Truth Social Rant,The former president has previously suggested Gen. Mark Milley should be executed for treason.,https://gizmodo.com/trump-threatens-mark-zuckerberg-with-prison-in-unhinged-truth-social-rant-2000378223,https://gizmodo.com/app/uploads/2024/07/trump-zuck.webp,2024-07-09T17:15:36Z,"Donald Trump threatened to put “election fraudsters” in prison, including Meta CEO Mark Zuckerberg, in a new rant on Truth Social Tuesday morning. And while this isn’t the first time Trump has target… [+3909 chars]",Gizmodo.com,,,negative
"{'id': None, 'name': 'BBC News'}",,Rudy Giuliani disbarred over false 2020 election claims,A New York court said he made repeated false statements about former President Donald Trump's 2020 election loss.,https://www.bbc.com/news/articles/ckkg36614rzo,https://ichef.bbci.co.uk/news/1024/branded_news/b36d/live/cd5b8d30-3890-11ef-b612-21c9c8956b53.jpg,2024-07-02T16:34:00Z,"Rudy Giuliani was disbarred Tuesday following years of legal trouble from false claims he made after the 2020 election. 
An appeals court in Manhattan handed down the decision to strip Mr. Giuliani,… [+1550 chars]",BBC News,,,negative
"{'id': None, 'name': 'BBC News'}",,Secret Service has questions to answer for failing to stop Trump gunman,The US wants to know how a gunman got within a few hundred feet of Trump and fire shots at him.,https://www.bbc.com/news/articles/c87rvg61vrxo,https://ichef.bbci.co.uk/news/1024/branded_news/30cc/live/4e1e67f0-41e0-11ef-b74c-bb483a802c97.jpg,2024-07-14T14:45:48Z,"By Frank Gardner, security correspondent, and James FitzGerald, BBC News
Watch: Witness tells BBC he saw gunman on roof
The US Secret Service has one job - to protect current and former US presiden… [+4650 chars]",BBC News,,,negative
"{'id': None, 'name': 'BBC News'}",,Watch: Witness says he saw gunman on roof,"A man with a rifle was seen on a rooftop minutes before shots were fired at a Trump rally, a witness says.",https://www.bbc.com/news/videos/c51yly4085lo,https://ichef.bbci.co.uk/news/1024/branded_news/dce5/live/b96ecc40-4175-11ef-9e1c-3b4a473456a6.jpg,2024-07-14T00:12:04Z,"A man with a rifle could be seen on a rooftop minutes before shots were fired at a Trump rally in Pennsylvania, a witness has told the BBC. 
The witness, who called himself Greg, said the man had cr… [+122 chars]",BBC News,,,negative
"{'id': None, 'name': 'Yahoo Entertainment'}",Danny Gallagher,Meta rolls back restrictions on Trump’s Facebook and Instagram accounts,"Meta, the parent company of social media platforms such as Facebook and Instagram, has decided to remove restrictions placed on former President Donald Trump’s accounts.
Meta updated its original statement announcing the end of Trump’s suspension on Facebook …",https://consent.yahoo.com/v2/collectConsent?sessionId=1_cc-session_a521f3ec-a967-4fd6-894f-3afacc5765fa,,2024-07-12T22:02:04Z,"If you click 'Accept all', we and our partners, including 237 who are part of the IAB Transparency &amp; Consent Framework, will also store and/or access information on a device (in other words, use … [+678 chars]",Yahoo Entertainment,,,positive
"{'id': None, 'name': 'BBC News'}",,How conspiracy theories and hate dominated social feeds after assassination attempt on Trump,"As a frenzy has gripped all sides of the political spectrum following the assassination attempt on Trump, falsehoods have taken off online.",https://www.bbc.com/news/articles/cyr7pyd0687o,https://ichef.bbci.co.uk/news/1024/branded_news/86f5/live/a1bd7d60-4203-11ef-96a8-e710c6bfc866.jpg,2024-07-14T17:34:44Z,"By Marianna Spring, BBC Disinformation reporter
False rumours swirled online seconds after Donald Trump was shot
Staged.
Within minutes of the news breaking about the assassination attempt on form… [+6877 chars]",BBC News,,,negative
"{'id': None, 'name': '[Removed]'}",,[Removed],[Removed],https://removed.com,,1970-01-01T00:00:00Z,[Removed],[Removed],54.1816964,12.0852977,neutral
"{'id': None, 'name': 'BBC News'}",,Supreme Court rules against Jan 6 riot obstruction charges,The court rules the charges must include proof that defendants tried to tamper with or destroy documents.,https://www.bbc.com/news/articles/c199l00gmmvo,https://ichef.bbci.co.uk/news/1024/branded_news/0d72/live/07167350-28dd-11ef-baa7-25d483663b8e.jpg,2024-06-28T15:39:56Z,"Federal prosecutors were wrong to use an obstruction law to charge hundreds of January 6 rioters, the supreme court has ruled in an opinion that could affect the case against Donald Trump.
The justi… [+1881 chars]",BBC News,,,negative
"{'id': 'wired', 'name': 'Wired'}",Leah Feiger,The Kamala Harris Conspiracies Are Here,The far right is already spreading conspiracies about Vice President Kamala Harris after speculation that she may replace President Joe Biden as the Democratic nominee.,https://www.wired.com/story/kamala-harris-conspiracy-theories/,"https://media.wired.com/photos/668d75079394b9b4351372f1/191:100/w_1280,c_limit/Politics-Lab-Kamala-Harris-2151008601.jpg",2024-07-11T22:21:59Z,"Leah Feiger: Well, yeah, no, in your reporting, you shared posts of people calling her the DEI candidate. That's what's going around, and it's not just Trump in the public sphere sharing this. These … [+2645 chars]",Wired,53.3403764,-6.2654816,neutral
"{'id': None, 'name': 'BBC News'}",,Biden condemns 'sick' attempt on Trump's life,"President says that US must unite as ""one nation"" to denounce assassination attempt on election rival.",https://www.bbc.com/news/articles/c98qnvn8dzeo,https://ichef.bbci.co.uk/news/1024/branded_news/48e7/live/0e28b6a0-4190-11ef-a7b9-abc8ff3fbfe8.jpg,2024-07-14T04:00:12Z,"President Joe Biden has condemned the assassination attempt on Donald Trump, calling on all Americans to denounce such ""sick"" violence.
The US president was quick to call for unity in the hours afte… [+2318 chars]",BBC News,,,negative
"{'id': None, 'name': 'BBC News'}",,Watch: Trump raises fist as he arrives in Milwaukee for convention,"The former president raises a fist as he descends from a plane, the day after an assassination attempt.",https://www.bbc.com/news/videos/c7249vxlde3o,https://ichef.bbci.co.uk/news/1024/branded_news/e145/live/b0887ad0-4261-11ef-96a8-e710c6bfc866.jpg,2024-07-15T04:38:28Z,"Former US President Donald Trump has arrived in Wisconsin for the Republican National Convention, a day after surviving an assassination attempt.
The party conference in Milwaukee is going ahead as … [+311 chars]",BBC News,,,negative
"{'id': None, 'name': 'NPR'}",Steve Inskeep,Biden and Trump point out during debate why the other's presidency failed,President Biden and former President Trump took questions from CNN moderators for 90 minutes. Biden started out hard to follow. Trump confidently made assertions that were often factually wrong.,https://www.npr.org/2024/06/28/nx-s1-5021824/biden-and-trump-point-out-during-debate-why-the-others-presidency-failed,https://media.npr.org/include/images/facebook-default-wide-s1400-c100.jpg,2024-06-28T11:17:23Z,President Biden and former President Trump took questions from CNN moderators for 90 minutes. Biden started out hard to follow. Trump confidently made assertions that were often factually wrong.,NPR,38.904297,-77.0083998,negative
"{'id': None, 'name': 'NPR'}",Deepa Shivaram,Biden says the next president may get to name two Supreme Court justices,"Former President Donald Trump cemented the conservative majority on the Supreme Court. If Trump wins again, Biden said ""one of the scariest parts"" would be his power to fill upcoming vacancies.",https://www.npr.org/2024/06/15/nx-s1-5007404/biden-supreme-court-vacancies-trump,https://npr.brightspotcdn.com/dims3/default/strip/false/crop/2880x1620+0+0/resize/1400/quality/100/format/jpeg/?url=http%3A%2F%2Fnpr-brightspot.s3.amazonaws.com%2F76%2F72%2F18ad7de74f889d3eeddcf5965d84%2Fgettyimages-2157153009.jpg,2024-06-16T06:05:23Z,LOS ANGELES President Biden on Saturday night said he expects the winner of this years presidential election will likely have the chance to fill two vacancies on the Supreme Court a decision he warne… [+2318 chars],NPR,38.904297,-77.0083998,positive
"{'id': None, 'name': 'Gizmodo.com'}",Matt Novak,U.S. Sailor Caught Trying to Access Joe Biden’s Medical Records,The sailor tried multiple times but gained access to the wrong Joe Biden.,https://gizmodo.com/u-s-sailor-caught-trying-to-access-joe-bidens-medical-records-2000378273,https://gizmodo.com/app/uploads/2024/07/GettyImages-2159045377-e1720549568266.jpg,2024-07-09T19:00:49Z,A sailor in the U.S. Navy has been reportedly disciplined for allegedly trying to access the medical records of President Joe Biden. The sailor made three failed attempts to access the records back i… [+2757 chars],Gizmodo.com,,,negative
"{'id': None, 'name': 'BBC News'}",,Man killed during Trump shooting dived on family to protect them,Volunteer firefighter Corey Comperatore was killed trying to protect his family.,https://www.bbc.com/news/articles/cv2grvznd4jo,https://ichef.bbci.co.uk/news/1024/branded_news/d3a4/live/c1f60740-4209-11ef-a69e-0992f9bd84ff.jpg,2024-07-14T20:13:14Z,"By Mike Wendling, BBC News
One man in the audience died while trying to protect his family during the attempted assassination of Donald Trump on Saturday, authorities say.
Corey Comperatore, a 50-y… [+1911 chars]",BBC News,,,negative
"{'id': None, 'name': 'BBC News'}",,Biden vows to stay in race and beat Trump in defiant speech,The president is seeking to defuse a political crisis over his candidacy that has snowballed since last week's debate.,https://www.bbc.com/news/articles/cl5y8n5d09qo,https://ichef.bbci.co.uk/news/1024/branded_news/ef5f/live/6e44a940-3b0a-11ef-84be-65f643df882e.jpg,2024-07-05T20:33:25Z,"By Mike Wendling in Madison, Wisconsin &amp; Max Matza, BBC News
US President Joe Biden vowed to stay the course in his re-election bid and defeat Donald Trump in a defiant speech on Friday, as ques… [+4167 chars]",BBC News,,,negative
"{'id': None, 'name': 'CNET'}",Aaron Pruner,How to Watch the June 2024 Presidential Debate Without Cable,The 90-minute face-off between President Joe Biden and former President Donald Trump is scheduled to air Thursday.,https://www.cnet.com/tech/services-and-software/how-to-watch-the-june-2024-presidential-debate-without-cable/,https://www.cnet.com/a/img/resize/d363e56edfe314998b03ed9f80bc2e3045958431/hub/2024/06/24/d15033ca-09de-4b4a-96fd-7f395599ddc9/donald-trump-joe-biden-presidential-debate-2020-getty.jpg?auto=webp&fit=crop&height=675&width=1200,2024-06-26T14:00:09Z,"President Joe Biden and former President Donald Trump will participate in 2024's first presidential debate, set for this Thursday. CNN will host the debate from its Atlanta-based studios, and anchors… [+3341 chars]",CNET,38.2577278,-85.7629047,neutral
"{'id': None, 'name': 'CNET'}",Aaron Pruner,How to Watch the Biden vs. Trump Presidential Debate Tonight Without Cable,Multiple outlets are airing the 90-minute face-off between President Joe Biden and former President Donald Trump.,https://www.cnet.com/tech/services-and-software/how-to-watch-the-biden-vs-trump-presidential-debate-tonight-without-cable/,https://www.cnet.com/a/img/resize/d363e56edfe314998b03ed9f80bc2e3045958431/hub/2024/06/24/d15033ca-09de-4b4a-96fd-7f395599ddc9/donald-trump-joe-biden-presidential-debate-2020-getty.jpg?auto=webp&fit=crop&height=675&width=1200,2024-06-27T13:48:00Z,"President Joe Biden and former President Donald Trump will participate in 2024's first presidential debate, set for tonight. CNN will host the debate from its Atlanta-based studios, and anchors Jake … [+3312 chars]",CNET,38.2577278,-85.7629047,neutral
"{'id': None, 'name': 'ReadWrite'}",Alvin Hemedez,"First Baby Trump, Now TrumpCoin (DJT) Meme Coin Is A Top Trending Crypto","As the U.S. election approaches, a noticeable trend is emerging: Trump-inspired meme coins are gaining popularity. For instance, the Baby… Continue reading First Baby Trump, Now TrumpCoin (DJT) Meme Coin Is A Top Trending Crypto
The post First Baby Trump, Now…",https://readwrite.com/first-baby-trump-now-trumpcoin-djt-meme-coin-is-a-top-trending-crypto/,https://readwrite.com/wp-content/uploads/2024/06/first-baby-trump-now-trumpcoin-meme-coin-is-a-top-trending-crypto.jpg,2024-06-19T21:39:04Z,"As the U.S. election approaches, a noticeable trend is emerging: Trump-inspired meme coins are gaining popularity.
For instance, the Baby Trump meme coin recently surged in value, while $DJT is curr… [+6322 chars]",ReadWrite,,,positive
"{'id': None, 'name': 'NPR'}",Danielle Kurtzleben,The idea of manhood looms large in the current GOP,"In the era of Donald Trump, Republicans have made manhood increasingly central to how they campaign.",https://www.npr.org/2024/07/01/nx-s1-5005013/the-idea-of-manhood-looms-large-in-the-current-gop,https://media.npr.org/include/images/facebook-default-wide-s1400-c100.jpg,2024-07-01T23:28:40Z,"In the era of Donald Trump, Republicans have made manhood increasingly central to how they campaign.",NPR,38.904297,-77.0083998,neutral
"{'id': None, 'name': 'BBC News'}",,Restrictions on Trump's Facebook and Instagram lifted,Meta lifts final restrictions and says US voters should be able to hear from presidential nominees.,https://www.bbc.com/news/articles/c4ngj2x5638o,https://ichef.bbci.co.uk/news/1024/branded_news/1fab/live/b44c61f0-40f3-11ef-a3fa-97de5940e82e.jpg,2024-07-13T09:05:04Z,"Meta has lifted the final restrictions on Donald Trumps Facebook and Instagram accounts in the run up to US presidential elections in November.
The ex-US president and convicted felons accounts were… [+1677 chars]",BBC News,,,neutral
"{'id': 'business-insider', 'name': 'Business Insider'}",Rebecca Rommen,"Meet NATO's next chief, the 'Trump whisperer' and fierce critic of Vladimir Putin","Rutte's experience and personality could be key to ""Trump-proofing"" the NATO alliance, one expert said.",https://www.businessinsider.com/nato-next-chief-donald-trump-whisperer-vladimir-putin-critic-2024-6,https://i.insider.com/667ecf8740cf2af6e4f6a220?width=1200&format=jpeg,2024-06-30T13:01:32Z,"Dutch Prime Minister Mark Rutte and Donald Trump.Chip Somodevilla/ Getty Images
<ul><li>Dutch Prime Minister Mark Rutte has been selected as NATO's next Secretary-General.</li><li>Rutte will replace… [+3332 chars]",Business Insider,,,neutral
"{'id': 'business-insider', 'name': 'Business Insider'}",Grace Eliza Goodwin,Trump says he's made his veep decision in his 'mind' and the person will be at Thursday's debate,"Trump says he has decided on a vice presidential candidate, but won't reveal who just yet.",https://www.businessinsider.com/trump-says-he-made-his-vp-pick-in-his-mind-2024-6,https://i.insider.com/6679aff0d1c84a0eaca730e3?width=1200&format=jpeg,2024-06-24T21:41:30Z,"Donald Trump speaking to reporters at a restaurant along his campaign trail in Philadelphia on Saturday.Anna Moneymaker/Getty Images
<ul><li>Donald Trump says he's decided his vice presidential pick… [+2031 chars]",Business Insider,,,neutral
"{'id': None, 'name': 'BBC News'}",,Videos show how gunman shot at Trump despite public alerting police,"BBC Verify examines footage, eyewitness testimony and satellite imagery showing how the attack unfolded.",https://www.bbc.com/news/videos/ceqd55865pyo,https://ichef.bbci.co.uk/news/1024/branded_news/829c/live/16910f10-4210-11ef-96a8-e710c6bfc866.jpg,2024-07-14T18:49:24Z,"BBC Verify examines footage, eyewitness testimony and satellite imagery showing how the assassination attempt against former US President Donald Trump unfolded.
Videos from before the attack show ho… [+266 chars]",BBC News,,,negative
"{'id': 'wired', 'name': 'Wired'}",Vittoria Elliott,This Is the Moment RFK Jr. Has Been Waiting For,"Since the presidential debate, Robert F. Kennedy Jr.’s campaign has heavily leaned into X and TikTok as part of its strategy to get the third-party candidate into the national conversation. It’s working.",https://www.wired.com/story/robert-f-kennedy-debate-tiktok/,"https://media.wired.com/photos/668c2ccde75bc3caeb2b40b0/191:100/w_1280,c_limit/RFK-Biden-Moment-Politics-1683891249.jpg",2024-07-11T10:00:00Z,"In the hours leading up to the debate, the campaign participated in a town hall on TikTok Live with a group of content creators. Tiffany Cianci, a TikTok creator with 160,000 followers who has organi… [+3024 chars]",Wired,53.3403764,-6.2654816,neutral
"{'id': None, 'name': 'BBC News'}",,A dark and dangerous new chapter for American politics,The illusion of security and safety in American politics – built over decades - has been dramatically shattered.,https://www.bbc.com/news/articles/c1vdq5wy4kwo,https://ichef.bbci.co.uk/news/1024/branded_news/ddce/live/31db44b0-4199-11ef-866d-756685558561.jpg,2024-07-14T04:34:44Z,"By Anthony Zurcher, @awzurcher, North America correspondent
Donald Trump when he arrived at the campaign rally in Butler, Pennsylvania 
A spray of bullets may have only grazed Donald Trump in Penns… [+4337 chars]",BBC News,,,positive
"{'id': None, 'name': 'NPR'}",Ayesha Rascoe,"Butler County, where Trump was holding his rally, is a stronghold for his campaign","Last night, former President Trump was shot during a rally in Butler, Pa. The area, north of Pittsburgh, is known for it's strong support for Trump.",https://www.npr.org/2024/07/14/nx-s1-5038747/butler-county-where-trump-was-holding-his-rally-is-a-stronghold-for-his-campaign,https://media.npr.org/include/images/facebook-default-wide-s1400-c100.jpg,2024-07-14T12:09:07Z,"Last night, former President Trump was shot during a rally in Butler, Pa. The area, north of Pittsburgh, is known for it's strong support for Trump.",NPR,38.904297,-77.0083998,positive
"{'id': None, 'name': 'NPR'}",Clayton Kincade,6 things Trump says at his rallies and what they really mean,"Former President Donald Trump loves acronyms, but his sayings have become increasingly varied. NPR analyzes six of Trump’s most common catchphrases on the campaign trail in 2024.",https://www.npr.org/2024/06/20/g-s1-4833/trump-too-big-to-rig-drill-baby-swamp-the-vote-rally-maga-2024,https://npr.brightspotcdn.com/dims3/default/strip/false/crop/3000x1688+0+26/resize/1400/quality/100/format/jpeg/?url=http%3A%2F%2Fnpr-brightspot.s3.amazonaws.com%2Ffb%2F73%2F8c1a67ed461194da81b0679707a5%2Fgettyimages-2157136568.jpg,2024-06-20T11:00:00Z,"Former President Donald Trump loves acronyms, but his catchphrases have become increasingly varied. These new slogans often package massive policy proposals and talking points into a couple of words … [+4944 chars]",NPR,38.904297,-77.0083998,positive
"{'id': 'business-insider', 'name': 'Business Insider'}",Beatrice Nolan,Saudi Arabia is getting a Trump Tower as it ramps up its luxury property push,The Trump Organization and Dar Global's plans for a residential project in Jeddah are aimed at the luxury Saudi market and international investors.,https://www.businessinsider.com/saudi-arabia-trump-tower-luxury-property-jeddah-eric-trump-neom-2024-7,https://i.insider.com/6683ee881f0c1cd6d730937a?width=1200&format=jpeg,2024-07-02T12:26:39Z,"An aerial view of Jeddah, Saudi Arabia.Saud Gari/Getty Images
<ul><li>Saudi Arabia is getting a Trump Tower.</li><li>The Trump Organization and Dar Global announced plans to develop a residential pr… [+2043 chars]",Business Insider,,,neutral
"{'id': 'business-insider', 'name': 'Business Insider'}",Lloyd Lee,Trump lied and misled. He still won the debate against Biden.,"Donald Trump fired off misleading or false statements during Thursday's debate, but President Joe Biden frequently stumbled with his words.",https://www.businessinsider.com/trump-lied-biden-lost-who-won-first-presidential-debate-2024-6,https://i.insider.com/667e4961d1c84a0eaca89581?width=1200&format=jpeg,2024-06-28T05:32:26Z,"Donald Trump smiling during a Fox News town hall.AP Photo/Chris Carlson
<ul><li>The first presidential debate on Thursday was a disastrous night for President Joe Biden.</li><li>Donald Trump fired o… [+4653 chars]",Business Insider,,,negative
"{'id': 'business-insider', 'name': 'Business Insider'}",Kwan Wei Kevin Tan,Mark Cuban's still betting on Biden after that disastrous debate,"Cuban said he would have ""no problem"" hiring Trump as a sales representative but would still prefer Biden as CEO.",https://www.businessinsider.com/mark-cuban-still-a-biden-man-after-bad-debate-2024-7,https://i.insider.com/668212b7c31eb990ea2f8ca6?width=1200&format=jpeg,2024-07-01T03:47:31Z,"""Of the 2 options Joe is who I would hire as a CEO,"" Mark Cuban (center) said on Saturday after Piers Morgan asked him if he'd hire President Joe Biden (right) or former President Donald Trump (left)… [+3122 chars]",Business Insider,,,negative
"{'id': 'business-insider', 'name': 'Business Insider'}",Brent D. Griffiths,"Biden needs his high-stakes debate gamble to pay off, even if it won't upend the race",Joe Biden got his wish for an extremely early debate with Donald Trump. Now he needs it to pay off.,https://www.businessinsider.com/biden-trump-debate-gamble-strategy-risk-election-2024-6,https://i.insider.com/667b26d450b021b5cae974cd?width=1200&format=jpeg,2024-06-26T15:12:39Z,"Chris Szagola/AP images, Julien de Rosa/AP images, Tyler Le/BI
<ul><li>Joe Biden got his wish to hold the earliest major presidential debate ever.</li><li>Even the president's allies admit the debat… [+5146 chars]",Business Insider,,,positive
"{'id': 'business-insider', 'name': 'Business Insider'}",Kwan Wei Kevin Tan,A Biden donor says giving him cash is a waste of time and money if that bad debate showed what Biden's really like,"Investor Whitney Tilson said it didn't make sense to support Biden ""because he has almost no chance of beating Trump.""",https://www.businessinsider.com/biden-donor-giving-cash-waste-of-time-and-money-2024-7,https://i.insider.com/6683630f268f62ba18a67a0c?width=1200&format=jpeg,2024-07-02T04:18:58Z,"""If it's as bad as what we all witnessed on Thursday night, then he needs to put his country first and step aside immediately,"" investor Whitney Tilson said of President Joe Biden on Saturday.Andrew … [+3560 chars]",Business Insider,,,negative
"{'id': 'business-insider', 'name': 'Business Insider'}",Matt Turner,Insider Today: Trump survives shooting,"In this Sunday edition of Insider Today, we're talking about AI price-gouging and San Diego's new aerial defense tech boom.",https://www.businessinsider.com/insider-today-ai-picking-your-pocket-san-diego-defense-tech,https://i.insider.com/6693b0708893442a515671e4?width=1200&format=jpeg,2024-07-14T11:03:21Z,"Secret Service tend to republican presidential candidate former President Donald Trump onstage at a rally on July 13, 2024 in Butler, Pennsylvania.Anna Moneymaker/Getty Images
<ul><li>This post orig… [+5088 chars]",Business Insider,,,positive
"{'id': None, 'name': 'NPR'}",Scott Detrow,"RFK calls Biden-Trump debate 'sad,' sees political opening",Independent candidate RFK Jr. spoke to All Things Considered about the Biden-Trump debate and what it means for his third-party run for the presidency,https://www.npr.org/2024/06/28/nx-s1-5021828/rfk-calls-biden-trump-debate-sad-sees-political-opening,https://media.npr.org/assets/img/2024/05/09/rfk-jr_wide-28fe11aa4bd41e11396f26acb83b3b6eaae75cc7.jpg?s=1400&c=100&f=jpeg,2024-06-28T19:32:00Z,"Robert F. Kennedy Jr., who is running as a third party candidate for president, made news this week for his deposition from 2012 that ""a worm ... got into my brain and ate a portion of it and then di… [+8992 chars]",NPR,38.904297,-77.0083998,neutral
"{'id': None, 'name': 'BBC News'}",,Biden faces complex juggling act on immigration,A large portion of US voters see immigration as a primary concern ahead of the November election.,https://www.bbc.com/news/articles/c888n55ev44o,https://ichef.bbci.co.uk/news/1024/branded_news/6e63/live/64288ff0-2d9d-11ef-8900-6f6987843028.jpg,2024-06-18T21:09:12Z,"By Bernd Debusmann Jr, BBC News, Washington 
US President Joe Biden has vowed not to ""play politics"" with the the southern border and immigration - a potentially tall order as the US hurdles towards… [+4812 chars]",BBC News,,,neutral
"{'id': 'business-insider', 'name': 'Business Insider'}","Erica Star Domena,Tamara Lindstrom",Here's what to expect at the Biden-Trump debate,Donald Trump and Joe Biden will meet for the first time since 2020. Here is what to expect in the earliest-ever presidential debate.,https://www.businessinsider.com/trump-biden-presidential-debate-rules-election-2024-6,https://i.insider.com/667c783dd1c84a0eaca8199a?width=1200&format=jpeg,2024-06-27T13:31:51Z,"Donald Trump and Joe Biden will see each other for the first time since their last debate in 2020. Here is what to expect in the earliest-ever presidential debate before the November election.
This … [+144 chars]",Business Insider,,,neutral
"{'id': 'business-insider', 'name': 'Business Insider'}",Dan DeFrancesco,Biden digs his heels in while Trump secures another win,President Joe Biden shows no signs of giving up his reelection campaign while former President Donald Trump secures a win from the Supreme Court.,https://www.businessinsider.com/joe-biden-not-stepping-down-while-trump-scotus-win-2024-7,https://i.insider.com/6683e9591f0c1cd6d7309154?width=1200&format=jpeg,2024-07-02T12:48:24Z,"Anadolu/Getty, Tyler Le/BI
<ul><li>This post originally appeared in the Insider Today newsletter.</li><li>You can sign up for Business Insider's daily newsletter here.</li></ul>Hello! My last name m… [+7426 chars]",Business Insider,,,positive
"{'id': 'business-insider', 'name': 'Business Insider'}",Bryan Metzger,AOC wants to impeach SCOTUS justices following Trump immunity ruling,"The congresswoman said that the Supreme Court had become ""consumed by a corruption crisis beyond its control.""",https://www.businessinsider.com/aoc-impeachment-articles-supreme-court-trump-immunity-ruling-2024-7,https://i.insider.com/6682dd96c31eb990ea2fb74f?width=1200&format=jpeg,2024-07-01T17:25:47Z,"Rep. Alexandria Ocasio-Cortez said the Supreme Court has ""become consumed by a corruption crisis beyond its control.""Steven Ferdman/GC Images
<ul><li>Rep. Alexandria Ocasio-Cortez said she'll file i… [+2646 chars]",Business Insider,,,negative
"{'id': 'business-insider', 'name': 'Business Insider'}",Peter Kafka,Here's another reason for Elon Musk to support Trump,"The SEC, led by a Biden appointee, is poking around Elon Musk's 2022 Twitter deal. A new report suggests it might push for severe penalties this time.",https://www.businessinsider.com/elon-musk-sec-probe-reason-to-support-trump-2024-6,https://i.insider.com/66703509764df161125a4d36?width=1200&format=jpeg,2024-06-17T13:14:07Z,"Elon Musk hasn't said whether he's backing Donald Trump.Lisa O'Connor/AFP/Getty Images and AP Photo/Chris Carlson
<ul><li>Elon Musk says he voted for Joe Biden in 2020. He seems increasingly interes… [+2634 chars]",Business Insider,,,negative
"{'id': 'business-insider', 'name': 'Business Insider'}","Talia Lakritz,Geoff Weiss",Photos show Americans' horrified reactions to the Biden-Trump debate,The debate between Donald Trump and incumbent Joe Biden was a disaster for the president. Cameras at watch parties across the country captured what happened.,https://www.businessinsider.com/photos-americans-horrified-reactions-biden-trump-debate-2024-6,https://i.insider.com/667ed596d1c84a0eaca8bec5?width=1200&format=jpeg,2024-06-28T18:04:12Z,"A patron reacted during a watch party for the first presidential debate of the 2024 presidential election.JOSH EDELSON/AFP via Getty Images
<ul><li>Joe Biden and Donald Trump faced off in the first … [+4373 chars]",Business Insider,,,negative
"{'id': 'business-insider', 'name': 'Business Insider'}",Cameron Manley,Trump challenges Biden to a cognitive test but confuses the name of the doctor who tested him,"Trump referred to Texas Republican Rep. Ronny Jackson, who was the White House physician from 2013 to 2018, as ""Doc. Ronny Johnson.""",https://www.businessinsider.com/trump-challenges-biden-cognitive-test-confuses-name-of-doctor-2024-6,https://i.insider.com/666ed60ee079049018196f37?width=1200&format=jpeg,2024-06-16T12:17:50Z,"Donald Trump shakes hands with Ronny Jackson, the White House physician for part of his presidency.Carolyn Caster/AP
<ul><li>Trump called for Biden to take cognitive test, but then misnames the doct… [+2406 chars]",Business Insider,,,neutral
"{'id': None, 'name': 'NPR'}",Ximena Bustillo,What to know about the key policies that got airtime in the presidential debate,"Immigration, abortion and the economy were among the election-year questions the candidates were asked in the 90-minute CNN Presidential Debate. Here are a few of the issues that took center stage.",https://www.npr.org/2024/06/28/nx-s1-5021970/presidential-debate-biden-trump,https://npr.brightspotcdn.com/dims3/default/strip/false/crop/3000x1688+0+156/resize/1400/quality/100/format/jpeg/?url=http%3A%2F%2Fnpr-brightspot.s3.amazonaws.com%2F87%2F5f%2F246b4d1e47cb9786cde6579b2055%2Fap24180100699466.jpg,2024-06-28T09:00:00Z,Thursday nights presidential debate may be more remembered for how the candidates delivered remarks on stage and the digs they took at one another rather than the issues top of mind for voters this e… [+5543 chars],NPR,38.904297,-77.0083998,neutral
"{'id': 'business-insider', 'name': 'Business Insider'}","Erin Snodgrass,Katherine Tangalakis-Lippert",Donald Trump just had the best 24 hours of his reelection campaign. But it might come back to bite him.,Donald Trump scored political wins this week after Joe Biden gave a disastrous first debate performance. But Trump's victories may not be permanent.,https://www.businessinsider.com/donald-trump-wracks-up-wins-biden-debate-supreme-court-2024-6,https://i.insider.com/667f530440cf2af6e4f6f315?width=1200&format=jpeg,2024-06-29T00:52:52Z,"Former President Donald Trump is having a good week. Scott Olson/Getty Images
<ul><li>Donald Trump is wracking up wins after Joe Biden gave a dismal debate performance.</li><li>The Supreme Court als… [+5211 chars]",Business Insider,,,neutral
"{'id': 'business-insider', 'name': 'Business Insider'}",Grace Eliza Goodwin,Trump erases Biden's huge cash advantage with fundraising surge after conviction,"Trump campaign donations surged after his felony conviction, giving him a financial edge over Biden, with $141 million raised in May alone.",https://www.businessinsider.com/trump-biden-cash-advantage-may-conviction-fundraising-2024-6,https://i.insider.com/6675a8d840cf2af6e4f4a502?width=1200&format=jpeg,2024-06-21T16:45:06Z,"Donald Trump and Joe BidenLuke Hales and Kevin Dietsch/Getty Images
<ul><li>Trump has wiped out Biden's cash lead in the race to November.</li><li>Donations to the Trump campaign surged in the final… [+3358 chars]",Business Insider,,,negative
"{'id': 'business-insider', 'name': 'Business Insider'}",John L. Dorman,The first debate between Biden and Trump won't feature opening statements in what will be a stricter forum compared to 2020,The 2020 debates were characterized by Trump's interruptions of Biden. CNN's new rules will make such outbursts much more difficult.,https://www.businessinsider.com/biden-trump-presidential-debate-2020-redux-election-rules-2024-6,https://i.insider.com/666e88aae079049018196df5?width=1200&format=jpeg,2024-06-16T13:34:44Z,"Donald Trump and Joe Biden participate in the first presidential debate at Case Western Reserve University on September 29, 2020. Chris Wallace moderates.Jim Watson/AFP via Getty Images
<ul><li>CNN … [+3043 chars]",Business Insider,,,negative
"{'id': None, 'name': 'NPR'}",Leila Fadel,Morning news brief,The first Biden-Trump presidential debate is tonight. President Biden pardons troops expelled from the military for their sexuality. A general in Bolivia attempted to overthrow the government.,https://www.npr.org/2024/06/27/nx-s1-5015033/morning-news-brief,https://media.npr.org/include/images/facebook-default-wide-s1400-c100.jpg,2024-06-27T08:18:37Z,The first Biden-Trump presidential debate is tonight. President Biden pardons troops expelled from the military for their sexuality. A general in Bolivia attempted to overthrow the government.,NPR,38.904297,-77.0083998,positive
"{'id': None, 'name': 'NPR'}",A Martínez,Morning news brief,Deadly protests over Kenya tax hikes. Republican vice presidential candidates make their final pitch to Donald Trump. U.S. journalist Evan Gershkovich stands trial for espionage in Russia.,https://www.npr.org/2024/06/26/nx-s1-5015032/morning-news-brief,https://media.npr.org/include/images/facebook-default-wide-s1400-c100.jpg,2024-06-26T07:33:45Z,Deadly protests over Kenya tax hikes. Republican vice presidential candidates make their final pitch to Donald Trump. U.S. journalist Evan Gershkovich stands trial for espionage in Russia.,NPR,38.904297,-77.0083998,negative
"{'id': None, 'name': 'NPR'}",Stephen Fowler,President Biden and former President Trump face off in CNN debate next week,"Next week, President Joe Biden and former president Donald Trump will face off in a presidential debate on CNN. The network announced the rules this weekend.",https://www.npr.org/2024/06/16/nx-s1-5007401/president-biden-and-former-president-trump-face-off-in-cnn-debate-next-week,https://media.npr.org/include/images/facebook-default-wide-s1400-c100.jpg,2024-06-16T21:17:23Z,"Next week, President Joe Biden and former president Donald Trump will face off in a presidential debate on CNN. The network announced the rules this weekend.",NPR,38.904297,-77.0083998,neutral
"{'id': None, 'name': 'NPR'}",The Associated Press,Appeals court panel refuses to delay Trump ally Steve Bannon’s prison sentence,"Steve Bannon, a longtime ally of Donald Trump, is supposed to report to prison by July 1 to begin serving his four-month sentence for contempt of Congress.",https://www.npr.org/2024/06/21/g-s1-5493/appeals-court-panel-steve-bannon-prison-sentence,https://npr.brightspotcdn.com/dims3/default/strip/false/crop/3936x2214+0+205/resize/1400/quality/100/format/jpeg/?url=http%3A%2F%2Fnpr-brightspot.s3.amazonaws.com%2Faf%2Fc8%2Fa2f1ea8b4869a4711a16e844b44d%2Fap24173075452338.jpg,2024-06-21T05:20:32Z,WASHINGTON A federal appeals court panel on Thursday rejected longtime Donald Trump ally Steve Bannon's bid to stay out of prison while he fights his conviction for defying a subpoena from the House … [+3719 chars],NPR,38.904297,-77.0083998,negative
"{'id': None, 'name': 'NPR'}",Steve Inskeep,Biden and Trump are about to debate one another for the first time in 4 years,NPR's Steve Inskeep speaks with former presidential speechwriters Mary Kate Cary and Paul Orzulak about Thursday's debate between President Biden and his predecessor Donald Trump.,https://www.npr.org/2024/06/24/nx-s1-5015096/biden-and-trump-are-about-to-debate-one-another-for-the-first-time-in-4-years,https://media.npr.org/include/images/facebook-default-wide-s1400-c100.jpg,2024-06-24T11:12:42Z,NPR's Steve Inskeep speaks with former presidential speechwriters Mary Kate Cary and Paul Orzulak about Thursday's debate between President Biden and his predecessor Donald Trump.,NPR,38.904297,-77.0083998,neutral
"{'id': None, 'name': 'NPR'}",Steve Inskeep,Florida judge to decide whether Jack Smith's appointment is constitutional,A court hearing in Florida continues on whether special counsel Jack Smith can prosecute former President Donald Trump. Trump's lawyers argue Smith's appointment was unconstitutional.,https://www.npr.org/2024/06/25/nx-s1-5017712/florida-judge-to-decide-whether-jack-smiths-appointment-is-constitutional,https://media.npr.org/include/images/facebook-default-wide-s1400-c100.jpg,2024-06-25T08:42:39Z,A court hearing in Florida continues on whether special counsel Jack Smith can prosecute former President Donald Trump. Trump's lawyers argue Smith's appointment was unconstitutional.,NPR,38.904297,-77.0083998,negative
"{'id': None, 'name': 'NPR'}",Majd Al-Waheidi,"How to watch the Biden-Trump debate. And, your brain's waste removal system",Biden and Trump will hold their first presidential debate tonight. Scientists think understanding how the brain removes waste and toxins may help treat a broad range of disorders.,https://www.npr.org/2024/06/27/g-s1-6629/up-first-newsletter-biden-trump-debate-brain-waste-alzheimers,https://npr.brightspotcdn.com/dims3/default/strip/false/crop/6000x3375+0+313/resize/1400/quality/100/format/jpeg/?url=http%3A%2F%2Fnpr-brightspot.s3.amazonaws.com%2F03%2Ffb%2F46e24c4143f9a160886f33fab223%2Fgettyimages-1316416906.jpg,2024-06-27T12:34:35Z,"Good morning. You're reading the Up First newsletter. Subscribe here to get it delivered to your inbox, and listen to the Up First podcast for all the news you need to start your day.
Today's top st… [+5050 chars]",NPR,38.904297,-77.0083998,positive
"{'id': None, 'name': 'NPR'}",Majd Al-Waheidi,"Biden struggled, Trump lied. Debate takeaways, plus what to do this weekend","In the first debate of the 2024 presidential race, Biden struggles to find his voice and Trump struggles with the truth. Plus, here's what to do this weekend.",https://www.npr.org/2024/06/28/g-s1-6999/up-first-newsletter-biden-trump-debate-the-bear-weekend-reccomendations,https://npr.brightspotcdn.com/dims3/default/strip/false/crop/7536x4237+0+23/resize/1400/quality/100/format/jpeg/?url=http%3A%2F%2Fnpr-brightspot.s3.amazonaws.com%2Ff1%2Fe8%2F97f54e0646749aa1379d29f66578%2Fgettyimages-2158931003.jpg,2024-06-28T12:53:04Z,"Good morning. You're reading the Up First newsletter. Subscribe here to get it delivered to your inbox, and listen to the Up First podcast for all the news you need to start your day.
Today's top st… [+7262 chars]",NPR,38.904297,-77.0083998,negative
"{'id': None, 'name': 'NPR'}",Nina Totenberg,Supreme Court says Trump has absolute immunity for official acts only,"The decision likely ensures that the case against Trump won’t be tried before the election, and then only if he is not reelected.",https://www.npr.org/2024/07/01/nx-s1-5002157/supreme-court-trump-immunity,https://npr.brightspotcdn.com/dims3/default/strip/false/crop/1024x576+0+54/resize/1400/quality/100/format/jpeg/?url=http%3A%2F%2Fnpr-brightspot.s3.amazonaws.com%2Fe0%2F56%2Fa3a09f58418d83b6f825d308f0a5%2Fgettyimages-578546876-1.jpg,2024-07-01T14:43:34Z,"The U.S. Supreme Court, in a 6-3 decision along ideological lines, ruled that a former president has absolutely immunity for his core constitutional powers and is entitled to a presumption of immunit… [+2263 chars]",NPR,38.904297,-77.0083998,neutral
"{'id': None, 'name': 'NPR'}",Steve Inskeep,Morning news brief,"Details emerge about the person who allegedly tried to assassinate Donald Trump. The incident will impact the tenor of the RNC, and conspiracy theories abound over the event that left Trump injured.",https://www.npr.org/2024/07/15/nx-s1-5036038/morning-news-brief,https://media.npr.org/include/images/facebook-default-wide-s1400-c100.jpg,2024-07-15T07:53:26Z,"Details emerge about the person who allegedly tried to assassinate Donald Trump. The incident will impact the tenor of the RNC, and conspiracy theories abound over the event that left Trump injured.",NPR,38.904297,-77.0083998,negative
"{'id': 'business-insider', 'name': 'Business Insider'}",Katherine Tangalakis-Lippert,Elon Musk has a lot to lose — or gain — based on who wins the presidential election,Elon Musk and his companies stand to benefit in different ways from a second Trump administration compared to a Biden win in this year's election.,https://www.businessinsider.com/elon-musk-benefits-under-trump-biden-presidency-2024-6,https://i.insider.com/666e05d3ed9a404d829e2625?width=1200&format=jpeg,2024-06-16T08:01:01Z,"Elon Musk has been flexing his power as a political influencer in recent years, but the billionaire and his businesses have much to gain — or lose — depending on who the next president is.Getty Image… [+5632 chars]",Business Insider,,,positive
"{'id': 'business-insider', 'name': 'Business Insider'}",Brent D. Griffiths,"Trump's ready for his big moment, though he's been winning without one",Donald Trump has his best standing ever in a presidential race even as he's held few public events since Joe Biden's disastroushttps://www.businessinsider.com/donald-trump-vice-president-nominee-candidates-2024-1 debate.,https://www.businessinsider.com/trump-leading-biden-rnc-convention-polls-election-2024-7,https://i.insider.com/669160669caa6ed01e012b1a?width=1200&format=jpeg,2024-07-13T09:32:02Z,"Former President Donald Trump has held scant public events since the first 2024 presidential debate, but his absence has allowed for Democrats' disarray to remain in full focus.Joe Raedle/Getty Image… [+5847 chars]",Business Insider,,,positive
"{'id': 'business-insider', 'name': 'Business Insider'}","Haven Orecchio-Egresitz,Laura Italiano",Trump's NJ golf club liquor licenses are in Jr.'s name. Hiding behind his son isn't helping as the state moves to revoke.,The liquor licenses for Trump's 3 New Jersey golf clubs are all in his eldest son's name. But hiding behind Jr. isn't helping as NJ moves to revoke.,https://www.businessinsider.com/nj-pull-trump-golf-liquor-licenses-for-hush-money-felonies-2024-6,https://i.insider.com/667f10afd1c84a0eaca8f5ab?width=1200&format=jpeg,2024-06-28T20:46:57Z,"Donald Trump at his Bedminster golf club last year.Seth Wenig/AP
<ul><li>The liquor licenses for Donald Trump's New Jersey golf clubs are all in his eldest son's name.</li><li>That, however, may not… [+6259 chars]",Business Insider,,,negative
"{'id': 'business-insider', 'name': 'Business Insider'}",John L. Dorman,Biden wants to paint Trump as a threat to democracy. But new swing-state polling shows voters think otherwise.,Trump has an 11-point edge over Biden among swing-state registered voters on who they trust more to defend democracy in the US.,https://www.businessinsider.com/biden-trump-democracy-threat-swing-state-voters-election-poll-2024-6,https://i.insider.com/661bd2861caec1275a6ff74c?width=1200&format=jpeg,2024-06-26T15:57:46Z,"President Joe Biden and former President Donald Trump.AP Photo/Alex Brandon, File; AP Photo/Mike Stewart, File
<ul><li>President Biden has long depicted Trump as a major threat to democracy in the U… [+2771 chars]",Business Insider,,,positive
"{'id': 'business-insider', 'name': 'Business Insider'}",Eliza Relman,Here's where Trump and Biden stand on reining in soaring home prices and rents ahead of their first debate,Biden has pushed for more federal involvement in housing policy. Trump proposed massive cuts to federal housing programs for the neediest.,https://www.businessinsider.com/trump-biden-housing-crisis-policy-rising-home-prices-apartment-rents-2024-6,https://i.insider.com/667b2cf940cf2af6e4f5bfd2?width=1200&format=jpeg,2024-06-27T09:49:01Z,"Donald Trump and Joe BidenLuke Hales and Kevin Dietsch/Getty Images
<ul><li>A steep shortage of homes has created a serious housing crisis across the country.</li><li>Record numbers of Americans are… [+6656 chars]",Business Insider,,,negative
"{'id': 'business-insider', 'name': 'Business Insider'}",Grace Eliza Goodwin,"Where Biden and Trump stand on major issues like the economy, Ukraine, and immigration","Here's the key differences between Joe Biden and Donald Trump on the economy, climate, immigration, abortion, Russia-Ukraine, and Israel-Gaza.",https://www.businessinsider.com/where-biden-and-trump-stand-major-issues-economy-immigration-ukraine-2024-6,https://i.insider.com/6670540ded9a404d829e4b8c?width=1200&format=jpeg,2024-06-27T13:50:38Z,"Joe Biden (left) and Donald Trump (right).Chip Somodevilla, Steven Hirsch-Pool/Getty Images
<ul><li>Biden and Trump's stances differ dramatically on some major issues like abortion.</li><li>But they… [+8052 chars]",Business Insider,,,neutral
"{'id': 'business-insider', 'name': 'Business Insider'}",Jacob Shamsian,Hush-money prosecutors say Trump's gag order should no longer protect Michael Cohen and Stormy Daniels — but want to keep other parts of it,"Manhattan DA prosecutors warned that Donald Trump could still be liable for harassment and defamation, citing his court losses from E. Jean Carroll.",https://www.businessinsider.com/trump-gag-lose-gag-michael-cohen-stormy-daniels-hush-money-2024-6,https://i.insider.com/6675994865f501a881811c92?width=1200&format=jpeg,2024-06-21T15:35:30Z,"Donald Trump, Michael Cohen, and Stormy Daniels.AP
<ul><li>Prosecutors urged Donald Trump's hush-money judge to keep most of his gag order.</li><li>But they agreed that Trump could now attack witnes… [+5054 chars]",Business Insider,,,negative
